Id,Hashed_Context,Pronoun,Position,Candidate_Antecedent,Manual Evaluation
0-its-0,The Game must be programmed using the C# language and its#0libraries compatible with the Unity Engine,its,11,The Game,UA
0-its-0,The Game must be programmed using the C# language and its#0libraries compatible with the Unity Engine,its,11,the C# language,UA
0-its-0,The Game must be programmed using the C# language and its#0libraries compatible with the Unity Engine,its,11,the C# language and its libraries,UA
1-their-0,The User shall be able to the select username and password for their#0account on the website.,their,12,The User,UA
1-their-0,The User shall be able to the select username and password for their#0account on the website.,their,12,the select username,UA
1-their-0,The User shall be able to the select username and password for their#0account on the website.,their,12,the select username and password,UA
1-their-0,The User shall be able to the select username and password for their#0account on the website.,their,12,password,UA
2-their-0,"Username and Password must be available to enter in the system, in order to access their#0account",their,16,Username,A
2-their-0,"Username and Password must be available to enter in the system, in order to access their#0account",their,16,Username and Password,A
2-their-0,"Username and Password must be available to enter in the system, in order to access their#0account",their,16,Password,A
2-their-0,"Username and Password must be available to enter in the system, in order to access their#0account",their,16,the system,A
2-their-0,"Username and Password must be available to enter in the system, in order to access their#0account",their,16,order,A
3-their-0,"The website shall enable the players to select their#0respective teams, which will participate in the respective tournament.",their,8,The website,A
3-their-0,"The website shall enable the players to select their#0respective teams, which will participate in the respective tournament.",their,8,the players,A
4-their-0,"Each team players will have Names, Contacts numbers and their#0City names",their,10,Each team players,UA
4-their-0,"Each team players will have Names, Contacts numbers and their#0City names",their,10,Names,UA
4-their-0,"Each team players will have Names, Contacts numbers and their#0City names",their,10,Contacts numbers,UA
4-their-0,"Each team players will have Names, Contacts numbers and their#0City names",their,10,Contacts numbers and their City names,UA
5-their-0,"Each player will have their#0own
FirstName
LastName
DOB email
contact no
city
address",their,4,Each player,UA
6-their-0,Each Players will have their#0own specific player id and team id.,their,4,Each Players,UA
7-his-0,The system shall enable the MOHA employee to log in to his#0account.,his,11,The system,A
7-his-0,The system shall enable the MOHA employee to log in to his#0account.,his,11,the MOHA employee,A
8-his-0,The system shall enable the patient to log in to his#0account.,his,10,The system,UA
8-his-0,The system shall enable the patient to log in to his#0account.,his,10,the patient,UA
9-his-0,The system shall enable the patient to cancel his#0appointment.,his,8,The system,UA
9-his-0,The system shall enable the patient to cancel his#0appointment.,his,8,the patient,UA
10-his-0,The system shall enable the patient to reschedule his#0appointment.,his,8,The system,UA
10-his-0,The system shall enable the patient to reschedule his#0appointment.,his,8,the patient,UA
11-his-0,The system shall enable the patient to change his#0personal data.,his,8,The system,UA
11-his-0,The system shall enable the patient to change his#0personal data.,his,8,the patient,UA
12-his-0,The system shall enable the patient to see his#0personal data (personal data includes information about medication).,his,8,The system,UA
12-his-0,The system shall enable the patient to see his#0personal data (personal data includes information about medication).,his,8,the patient,UA
13-his-0,The system shall enable the patient to delete values in his#0personal data.,his,10,The system,UA
13-his-0,The system shall enable the patient to delete values in his#0personal data.,his,10,the patient,UA
13-his-0,The system shall enable the patient to delete values in his#0personal data.,his,10,values,UA
14-his-0,The system shall enable the patient to delete his#0account.,his,8,The system,UA
14-his-0,The system shall enable the patient to delete his#0account.,his,8,the patient,UA
15-his-0,The system shall enable the doctor to register his#0account.,his,8,The system,UA
15-his-0,The system shall enable the doctor to register his#0account.,his,8,the doctor,UA
16-his-0,The system shall enable the doctor to log in to his#0account.,his,10,The system,UA
16-his-0,The system shall enable the doctor to log in to his#0account.,his,10,the doctor,UA
17-their-0,Admin clients can login through their#0pre-assigned username and password.,their,5,Admin clients,UA
18-their-0,Extra admin clients can either login using their#0manually registered credentials or social accounts (Gmail).,their,7,Extra admin clients,A
19-they-0,User will be kept logged in if they#0opt to stay singed in at the time of login in.,they,7,User,A
20-their-0,Clients will be provided associated access to their#0accounts after logging in.,their,7,Clients,UA
20-their-0,Clients will be provided associated access to their#0accounts after logging in.,their,7,associated access,UA
21-themselves-0,Extra admin clients can get themselves#0registered against their email addresses.,themselves,5,Extra admin clients,UA
21-their-1,Extra admin clients can get themselves registered against their#1email addresses.,their,8,Extra admin clients,UA
23-their-0,Clients will be able to change password from their#0profile.,their,8,Clients,UA
23-their-0,Clients will be able to change password from their#0profile.,their,8,password,UA
24-their-0,Clients will be asked to provide new password after confirming their#0old password.,their,10,Clients,UA
24-their-0,Clients will be asked to provide new password after confirming their#0old password.,their,10,new password,UA
25-their-0,Clients can request a link to reset their#0password if they have forgotten their password.,their,7,Clients,UA
25-their-0,Clients can request a link to reset their#0password if they have forgotten their password.,their,7,a link,UA
25-they-1,Clients can request a link to reset their password if they#1have forgotten their password.,they,10,Clients,UA
25-they-1,Clients can request a link to reset their password if they#1have forgotten their password.,they,10,a link,UA
25-they-1,Clients can request a link to reset their password if they#1have forgotten their password.,they,10,their password,UA
25-their-2,Clients can request a link to reset their password if they have forgotten their#2password.,their,13,Clients,UA
25-their-2,Clients can request a link to reset their password if they have forgotten their#2password.,their,13,a link,UA
25-their-2,Clients can request a link to reset their password if they have forgotten their#2password.,their,13,their password,UA
26-their-0,Clients will receive a link in their#0mailboxes.,their,6,Clients,UA
26-their-0,Clients will receive a link in their#0mailboxes.,their,6,a link,UA
27-it-0,Seller/Renter can view the status of book whether it#0is delivered or not.,it,10,Seller/Renter,UA
27-it-0,Seller/Renter can view the status of book whether it#0is delivered or not.,it,10,the status,UA
27-it-0,Seller/Renter can view the status of book whether it#0is delivered or not.,it,10,book,UA
28-it-0,Buyer can view status of book whether it#0is received or not.,it,7,Buyer,UA
28-it-0,Buyer can view status of book whether it#0is received or not.,it,7,status,UA
28-it-0,Buyer can view status of book whether it#0is received or not.,it,7,book,UA
29-his-0,The application shall enable driver to SignIn into system by providing his#0/ her valid email and password,his,11,The application,A
29-his-0,The application shall enable driver to SignIn into system by providing his#0/ her valid email and password,his,11,driver,A
29-his-0,The application shall enable driver to SignIn into system by providing his#0/ her valid email and password,his,11,system,A
29-her-1,The application shall enable driver to SignIn into system by providing his / her#1valid email and password,her,13,The application,A
29-her-1,The application shall enable driver to SignIn into system by providing his / her#1valid email and password,her,13,driver,A
29-her-1,The application shall enable driver to SignIn into system by providing his / her#1valid email and password,her,13,system,A
30-her-0,The application shall enable the driver to select his/ her#0Gender,her,9,The application,UA
30-her-0,The application shall enable the driver to select his/ her#0Gender,her,9,the driver,UA
31-his-0,The application shall enable driver to insert his#0/ her CNIC#,his,7,The application,UA
31-his-0,The application shall enable driver to insert his#0/ her CNIC#,his,7,driver,UA
31-her-1,The application shall enable driver to insert his / her#1CNIC#,her,9,The application,UA
31-her-1,The application shall enable driver to insert his / her#1CNIC#,her,9,driver,UA
32-his-0,The application shall enable the driver to insert his#0/her City,his,8,The application,UA
32-his-0,The application shall enable the driver to insert his#0/her City,his,8,the driver,UA
33-his-0,The application shall enable the driver to update his#0/her City,his,8,The application,A
33-his-0,The application shall enable the driver to update his#0/her City,his,8,the driver,A
34-his-0,The driver will get points if someone signup using his#0/her valid link,his,9,The driver,A
34-his-0,The driver will get points if someone signup using his#0/her valid link,his,9,points,A
35-his-0,The application shall enable driver to view his#0/ her trip history,his,7,The application,UA
35-his-0,The application shall enable driver to view his#0/ her trip history,his,7,driver,UA
35-her-1,The application shall enable driver to view his / her#1trip history,her,9,The application,UA
35-her-1,The application shall enable driver to view his / her#1trip history,her,9,driver,UA
36-our-0,Driver shall have to agree with our#0terms and condition to use our application,our,6,Driver,A
36-our-1,Driver shall have to agree with our terms and condition to use our#1application,our,12,Driver,A
36-our-1,Driver shall have to agree with our terms and condition to use our#1application,our,12,our terms,A
36-our-1,Driver shall have to agree with our terms and condition to use our#1application,our,12,our terms and condition,A
36-our-1,Driver shall have to agree with our terms and condition to use our#1application,our,12,condition,A
37-his-0,Application shall enable user to Login into system by providing his#0/ her valid email and password,his,10,Application,UA
37-his-0,Application shall enable user to Login into system by providing his#0/ her valid email and password,his,10,user,UA
37-his-0,Application shall enable user to Login into system by providing his#0/ her valid email and password,his,10,Login,UA
37-his-0,Application shall enable user to Login into system by providing his#0/ her valid email and password,his,10,system,UA
37-her-1,Application shall enable user to Login into system by providing his / her#1valid email and password,her,12,Application,UA
37-her-1,Application shall enable user to Login into system by providing his / her#1valid email and password,her,12,user,UA
37-her-1,Application shall enable user to Login into system by providing his / her#1valid email and password,her,12,Login,UA
37-her-1,Application shall enable user to Login into system by providing his / her#1valid email and password,her,12,system,UA
38-her-0,Application shall enable user to select his/ her#0Gender,her,7,Application,UA
38-her-0,Application shall enable user to select his/ her#0Gender,her,7,user,UA
39-our-0, Blockchain dashboard will display all the stats and information regarding our#0private blockchain network.,our,11, Blockchain dashboard,A
39-our-0, Blockchain dashboard will display all the stats and information regarding our#0private blockchain network.,our,11,all the stats,A
39-our-0, Blockchain dashboard will display all the stats and information regarding our#0private blockchain network.,our,11,all the stats and information,A
39-our-0, Blockchain dashboard will display all the stats and information regarding our#0private blockchain network.,our,11,information,A
40-we-0,Through blockchain dashboard we#0will be able to see busy and online users and all tasks,we,3,blockchain dashboard,A
42-their-0,"System shall allow Candidate, Admin logout the system from their#0own page.",their,10,System,A
42-their-0,"System shall allow Candidate, Admin logout the system from their#0own page.",their,10,"Candidate, Admin",A
42-their-0,"System shall allow Candidate, Admin logout the system from their#0own page.",their,10,the system,A
43-it-0,System shall allow The Candidate to give feedback it#0shows reviews of Candidate ,it,8,System,A
43-it-0,System shall allow The Candidate to give feedback it#0shows reviews of Candidate ,it,8,The Candidate,A
43-it-0,System shall allow The Candidate to give feedback it#0shows reviews of Candidate ,it,8,feedback,A
44-their-0,The website shall enable the user to select username and password for their#0account.,their,12,The website,A
44-their-0,The website shall enable the user to select username and password for their#0account.,their,12,the user,A
44-their-0,The website shall enable the user to select username and password for their#0account.,their,12,password,A
45-their-0,"The website shall enable the user to enter their#0username and password of their account, in order to access their account.",their,8,The website,A
45-their-0,"The website shall enable the user to enter their#0username and password of their account, in order to access their account.",their,8,the user,A
45-their-1,"The website shall enable the user to enter their username and password of their#1account, in order to access their account.",their,13,The website,A
45-their-1,"The website shall enable the user to enter their username and password of their#1account, in order to access their account.",their,13,the user,A
45-their-1,"The website shall enable the user to enter their username and password of their#1account, in order to access their account.",their,13,password,A
45-their-2,"The website shall enable the user to enter their username and password of their account, in order to access their#2account.",their,20,The website,A
45-their-2,"The website shall enable the user to enter their username and password of their account, in order to access their#2account.",their,20,the user,A
45-their-2,"The website shall enable the user to enter their username and password of their account, in order to access their#2account.",their,20,password,A
45-their-2,"The website shall enable the user to enter their username and password of their account, in order to access their#2account.",their,20,their account,A
45-their-2,"The website shall enable the user to enter their username and password of their account, in order to access their#2account.",their,20,order,A
47-their-0,"Tasker can be provided the option to submit their#0tasks, and check feedback if they are Sign in. And are registered with any work list.",their,8,Tasker,A
47-their-0,"Tasker can be provided the option to submit their#0tasks, and check feedback if they are Sign in. And are registered with any work list.",their,8,the option,A
47-they-1,"Tasker can be provided the option to submit their tasks, and check feedback if they#1are Sign in. And are registered with any work list.",they,15,Tasker,A
47-they-1,"Tasker can be provided the option to submit their tasks, and check feedback if they#1are Sign in. And are registered with any work list.",they,15,the option,A
47-they-1,"Tasker can be provided the option to submit their tasks, and check feedback if they#1are Sign in. And are registered with any work list.",they,15,their tasks,A
47-they-1,"Tasker can be provided the option to submit their tasks, and check feedback if they#1are Sign in. And are registered with any work list.",they,15,feedback,A
48-their-0,"Customer can invite their#0group members after signing in , or send message on WhatsApp. ",their,3,Customer,UA
49-it-0,"Tasker can sent gallery to admin pages after confirmation, it#0will be added on home page.",it,10,Tasker,A
49-it-0,"Tasker can sent gallery to admin pages after confirmation, it#0will be added on home page.",it,10,gallery,A
49-it-0,"Tasker can sent gallery to admin pages after confirmation, it#0will be added on home page.",it,10,pages,A
49-it-0,"Tasker can sent gallery to admin pages after confirmation, it#0will be added on home page.",it,10,confirmation,A
51-his-0,Login Form are provide so the user can have a private space or Dashboard to look upon his#0work details.,his,17,Login Form,UA
51-his-0,Login Form are provide so the user can have a private space or Dashboard to look upon his#0work details.,his,17,the user,UA
51-his-0,Login Form are provide so the user can have a private space or Dashboard to look upon his#0work details.,his,17,a private space,UA
51-his-0,Login Form are provide so the user can have a private space or Dashboard to look upon his#0work details.,his,17,a private space or Dashboard,UA
51-his-0,Login Form are provide so the user can have a private space or Dashboard to look upon his#0work details.,his,17,Dashboard,UA
52-his-0,Login Form provided so the user can have a private space or Dashboard to look upon his#0work details and other information.,his,16,Login Form,UA
52-his-0,Login Form provided so the user can have a private space or Dashboard to look upon his#0work details and other information.,his,16,the user,UA
52-his-0,Login Form provided so the user can have a private space or Dashboard to look upon his#0work details and other information.,his,16,a private space,UA
52-his-0,Login Form provided so the user can have a private space or Dashboard to look upon his#0work details and other information.,his,16,a private space or Dashboard,UA
52-his-0,Login Form provided so the user can have a private space or Dashboard to look upon his#0work details and other information.,his,16,Dashboard,UA
53-his-0,Supervisor can view and mark his#0attendance,his,5,Supervisor,A
54-his-0,Login Form provided so the user can have Dashboard to look upon his#0work details and other information.,his,12,Login Form,A
54-his-0,Login Form provided so the user can have Dashboard to look upon his#0work details and other information.,his,12,the user,A
54-his-0,Login Form provided so the user can have Dashboard to look upon his#0work details and other information.,his,12,Dashboard,A
55-his-0,Manager have the authority to check upon the attendance of his#0own department employees only. ,his,10,Manager,UA
55-his-0,Manager have the authority to check upon the attendance of his#0own department employees only. ,his,10,the authority,UA
55-his-0,Manager have the authority to check upon the attendance of his#0own department employees only. ,his,10,the attendance,UA
56-his-0,Manger can terminate his#0department employees.,his,3,Manger,UA
57-its-0,The robot has to reach its#0target destination safely. ,its,5,The robot,UA
58-their-0,The users will be able to create a new profile by entering their#0details.,their,12,The users,UA
58-their-0,The users will be able to create a new profile by entering their#0details.,their,12,a new profile,UA
59-its-0,This system must be consistent with its#0services.,its,6,This system,UA
60-its-0,System shall provide report about total trash dumbed on weekly basis along with its#0humidity measure.,its,13,System,A
60-its-0,System shall provide report about total trash dumbed on weekly basis along with its#0humidity measure.,its,13,report,A
60-its-0,System shall provide report about total trash dumbed on weekly basis along with its#0humidity measure.,its,13,total trash,A
60-its-0,System shall provide report about total trash dumbed on weekly basis along with its#0humidity measure.,its,13,weekly basis,A
61-its-0,System shall provide report about total trash dumbed on monthly basis along with its#0humidity measure.,its,13,System,A
61-its-0,System shall provide report about total trash dumbed on monthly basis along with its#0humidity measure.,its,13,report,A
61-its-0,System shall provide report about total trash dumbed on monthly basis along with its#0humidity measure.,its,13,total trash,A
61-its-0,System shall provide report about total trash dumbed on monthly basis along with its#0humidity measure.,its,13,monthly basis,A
62-its-0,System shall provide report about total trash dumbed on yearly basis along with its#0humidity measure.,its,13,System,A
62-its-0,System shall provide report about total trash dumbed on yearly basis along with its#0humidity measure.,its,13,report,A
62-its-0,System shall provide report about total trash dumbed on yearly basis along with its#0humidity measure.,its,13,total trash,A
62-its-0,System shall provide report about total trash dumbed on yearly basis along with its#0humidity measure.,its,13,yearly basis,A
63-itself-0,The system shall localize itself#0in the environment.,itself,4,The system,A
64-its-0,The system shall choose the optimized path from its#0current position to the destination point selected by the user.,its,8,The system,UA
64-its-0,The system shall choose the optimized path from its#0current position to the destination point selected by the user.,its,8,the optimized path,UA
65-its-0,The system will use IR (Infrared) and Ultrasonic sensors to detect obstacles in its#0path.,its,15,The system,UA
65-its-0,The system will use IR (Infrared) and Ultrasonic sensors to detect obstacles in its#0path.,its,15,(Infrared,UA
65-its-0,The system will use IR (Infrared) and Ultrasonic sensors to detect obstacles in its#0path.,its,15,obstacles,UA
66-its-0,The wheelchair shall stop its#0motion after detecting the alarming distance from the obstacle.,its,4,The wheelchair,UA
67-his-1,It allows the user to enter his#1/her nickname for the session,his,6,the user,UA
67-her-2,It allows the user to enter his/her#2nickname for the session,her,8,the user,UA
69-his-0,The system shall enable user to enter his#0credentials,his,7,The system,A
69-his-0,The system shall enable user to enter his#0credentials,his,7,user,A
71-their-0,The system shall provide the user to watch videos of their#0own choice,their,10,The system,UA
71-their-0,The system shall provide the user to watch videos of their#0own choice,their,10,the user,UA
71-their-0,The system shall provide the user to watch videos of their#0own choice,their,10,videos,UA
73-their-0,User shall login to their#0account.,their,4,User,A
74-their-0,User should get notifications when someone invests in their#0campaign,their,8,User,A
74-their-0,User should get notifications when someone invests in their#0campaign,their,8,notifications,A
75-their-0,User should get notifications when admin approves their#0campaign,their,7,User,A
75-their-0,User should get notifications when admin approves their#0campaign,their,7,notifications,A
75-their-0,User should get notifications when admin approves their#0campaign,their,7,admin,A
76-he-0,The application will allow the Citizen to report online only if he#0agrees to the terms and conditions.,he,11,The application,A
76-he-0,The application will allow the Citizen to report online only if he#0agrees to the terms and conditions.,he,11,the Citizen,A
77-their-0,The application will allow the inspector to update their#0profile as needed. This includes updating the profile picture.,their,8,The application,UA
77-their-0,The application will allow the inspector to update their#0profile as needed. This includes updating the profile picture.,their,8,the inspector,UA
78-their-0,The application enables the inspector to update or modify their#0personal details given.,their,9,The application,UA
78-their-0,The application enables the inspector to update or modify their#0personal details given.,their,9,the inspector,UA
79-his-0,The application will allow the inspector to restore his#0password in case he forgets it through SMS verification.,his,8,The application,UA
79-his-0,The application will allow the inspector to restore his#0password in case he forgets it through SMS verification.,his,8,the inspector,UA
79-he-1,The application will allow the inspector to restore his password in case he#1forgets it through SMS verification.,he,12,The application,UA
79-he-1,The application will allow the inspector to restore his password in case he#1forgets it through SMS verification.,he,12,the inspector,UA
79-he-1,The application will allow the inspector to restore his password in case he#1forgets it through SMS verification.,he,12,his password,UA
79-he-1,The application will allow the inspector to restore his password in case he#1forgets it through SMS verification.,he,12,case,UA
79-it-2,The application will allow the inspector to restore his password in case he forgets it#2through SMS verification.,it,14,The application,UA
79-it-2,The application will allow the inspector to restore his password in case he forgets it#2through SMS verification.,it,14,the inspector,UA
79-it-2,The application will allow the inspector to restore his password in case he forgets it#2through SMS verification.,it,14,his password,UA
79-it-2,The application will allow the inspector to restore his password in case he forgets it#2through SMS verification.,it,14,case,UA
80-it-0,"As soon as a citizen registers a complain, this functionality will allow the inspector to view it#0when the application in running in the foreground. ",it,17,a citizen,UA
80-it-0,"As soon as a citizen registers a complain, this functionality will allow the inspector to view it#0when the application in running in the foreground. ",it,17,a complain,UA
80-it-0,"As soon as a citizen registers a complain, this functionality will allow the inspector to view it#0when the application in running in the foreground. ",it,17,this functionality,UA
80-it-0,"As soon as a citizen registers a complain, this functionality will allow the inspector to view it#0when the application in running in the foreground. ",it,17,the inspector,UA
81-their-0,The application will provide the inspector to logout from their#0sign in account.,their,9,The application,A
81-their-0,The application will provide the inspector to logout from their#0sign in account.,their,9,the inspector,A
82-his-0,The application will allow the inspector to keep an eye on the patrolling policemen. A map will be shown on his#0screen where he can check all the policemen.,his,21,The application,A
82-his-0,The application will allow the inspector to keep an eye on the patrolling policemen. A map will be shown on his#0screen where he can check all the policemen.,his,21,the inspector,A
82-his-0,The application will allow the inspector to keep an eye on the patrolling policemen. A map will be shown on his#0screen where he can check all the policemen.,his,21,an eye,A
82-his-0,The application will allow the inspector to keep an eye on the patrolling policemen. A map will be shown on his#0screen where he can check all the policemen.,his,21,the patrolling policemen,A
82-his-0,The application will allow the inspector to keep an eye on the patrolling policemen. A map will be shown on his#0screen where he can check all the policemen.,his,21,A map,A
82-he-1,The application will allow the inspector to keep an eye on the patrolling policemen. A map will be shown on his screen where he#1can check all the policemen.,he,24,The application,A
82-he-1,The application will allow the inspector to keep an eye on the patrolling policemen. A map will be shown on his screen where he#1can check all the policemen.,he,24,the inspector,A
82-he-1,The application will allow the inspector to keep an eye on the patrolling policemen. A map will be shown on his screen where he#1can check all the policemen.,he,24,an eye,A
82-he-1,The application will allow the inspector to keep an eye on the patrolling policemen. A map will be shown on his screen where he#1can check all the policemen.,he,24,the patrolling policemen,A
82-he-1,The application will allow the inspector to keep an eye on the patrolling policemen. A map will be shown on his screen where he#1can check all the policemen.,he,24,A map,A
82-he-1,The application will allow the inspector to keep an eye on the patrolling policemen. A map will be shown on his screen where he#1can check all the policemen.,he,24,his screen,A
83-he-0,The application will allow the patrolling officer after login in to view whether he#0has been assigned any task.,he,13,The application,UA
83-he-0,The application will allow the patrolling officer after login in to view whether he#0has been assigned any task.,he,13,the patrolling officer,UA
83-he-0,The application will allow the patrolling officer after login in to view whether he#0has been assigned any task.,he,13,login,UA
84-his-0,The system shall enable the patrolling officer to update or modify his#0personal details given.,his,11,The system,UA
84-his-0,The system shall enable the patrolling officer to update or modify his#0personal details given.,his,11,the patrolling officer,UA
85-his-0,The application will allow the patrolling officer to restore his#0password in case he forgets it through SMS verification.,his,9,The application,UA
85-his-0,The application will allow the patrolling officer to restore his#0password in case he forgets it through SMS verification.,his,9,the patrolling officer,UA
85-he-1,The application will allow the patrolling officer to restore his password in case he#1forgets it through SMS verification.,he,13,The application,UA
85-he-1,The application will allow the patrolling officer to restore his password in case he#1forgets it through SMS verification.,he,13,the patrolling officer,UA
85-he-1,The application will allow the patrolling officer to restore his password in case he#1forgets it through SMS verification.,he,13,his password,UA
85-he-1,The application will allow the patrolling officer to restore his password in case he#1forgets it through SMS verification.,he,13,case,UA
85-it-2,The application will allow the patrolling officer to restore his password in case he forgets it#2through SMS verification.,it,15,The application,UA
85-it-2,The application will allow the patrolling officer to restore his password in case he forgets it#2through SMS verification.,it,15,the patrolling officer,UA
85-it-2,The application will allow the patrolling officer to restore his password in case he forgets it#2through SMS verification.,it,15,his password,UA
85-it-2,The application will allow the patrolling officer to restore his password in case he forgets it#2through SMS verification.,it,15,case,UA
86-their-0,The users should be able to show/hide their#0personal details.,their,9,The users,UA
87-himself-0,"For the signup of the user, the user should first register himself#0in the company's database.",himself,12,the signup,UA
87-himself-0,"For the signup of the user, the user should first register himself#0in the company's database.",himself,12,the user,UA
89-their-0,User should have jdk installed on their#0system.,their,6,User,UA
89-their-0,User should have jdk installed on their#0system.,their,6,jdk,UA
90-his-0,User must have to locate Input file of Machine meta from his#0system,his,11,User,UA
90-his-0,User must have to locate Input file of Machine meta from his#0system,his,11,Input file,UA
90-his-0,User must have to locate Input file of Machine meta from his#0system,his,11,Machine meta,UA
91-his-0,User must have to locate Input file of container meta from his#0system,his,11,User,UA
91-his-0,User must have to locate Input file of container meta from his#0system,his,11,Input file,UA
91-his-0,User must have to locate Input file of container meta from his#0system,his,11,container meta,UA
92-his-0,User must have to locate Input file of batch task from his#0system.,his,11,User,UA
92-his-0,User must have to locate Input file of batch task from his#0system.,his,11,Input file,UA
92-his-0,User must have to locate Input file of batch task from his#0system.,his,11,batch task,UA
93-his-0,User must have to name Output file of Machine usage on his#0system.,his,11,User,UA
93-his-0,User must have to name Output file of Machine usage on his#0system.,his,11,Output file,UA
93-his-0,User must have to name Output file of Machine usage on his#0system.,his,11,Machine usage,UA
94-his-0,User then have to name Output file of Container usage on his#0system.,his,11,User,UA
94-his-0,User then have to name Output file of Container usage on his#0system.,his,11,Output file,UA
94-his-0,User then have to name Output file of Container usage on his#0system.,his,11,Container usage,UA
95-his-0,User must have to name Output file of Thermal Data on his#0system.,his,11,User,UA
95-his-0,User must have to name Output file of Thermal Data on his#0system.,his,11,Output file,UA
95-his-0,User must have to name Output file of Thermal Data on his#0system.,his,11,Thermal Data,UA
96-their-0,"Users can change their#0User Type from Listener to Musician and vice versa, through the Settings Panel.",their,3,Users,UA
97-their-0,Users can add comments on tracks and show their#0support for their favourite artists by liking their tracks,their,8,Users,A
97-their-0,Users can add comments on tracks and show their#0support for their favourite artists by liking their tracks,their,8,comments,A
97-their-0,Users can add comments on tracks and show their#0support for their favourite artists by liking their tracks,their,8,tracks,A
97-their-1,Users can add comments on tracks and show their support for their#1favourite artists by liking their tracks,their,11,Users,A
97-their-1,Users can add comments on tracks and show their support for their#1favourite artists by liking their tracks,their,11,comments,A
97-their-1,Users can add comments on tracks and show their support for their#1favourite artists by liking their tracks,their,11,tracks,A
97-their-1,Users can add comments on tracks and show their support for their#1favourite artists by liking their tracks,their,11,their support,A
97-their-2,Users can add comments on tracks and show their support for their favourite artists by liking their#2tracks,their,16,Users,A
97-their-2,Users can add comments on tracks and show their support for their favourite artists by liking their#2tracks,their,16,comments,A
97-their-2,Users can add comments on tracks and show their support for their favourite artists by liking their#2tracks,their,16,tracks,A
97-their-2,Users can add comments on tracks and show their support for their favourite artists by liking their#2tracks,their,16,their support,A
97-their-2,Users can add comments on tracks and show their support for their favourite artists by liking their#2tracks,their,16,their favourite artists,A
98-their-0,"Users have the ability to make custom playlist(s), which can be renamed to their#0own liking.",their,15,Users,A
98-their-0,"Users have the ability to make custom playlist(s), which can be renamed to their#0own liking.",their,15,the ability,A
98-their-0,"Users have the ability to make custom playlist(s), which can be renamed to their#0own liking.",their,15,custom playlist(s,A
99-they-0,The system should provide fields to driver and passenger where they#0will enter their credentials for login purpose.,they,10,The system,UA
99-they-0,The system should provide fields to driver and passenger where they#0will enter their credentials for login purpose.,they,10,fields,UA
99-they-0,The system should provide fields to driver and passenger where they#0will enter their credentials for login purpose.,they,10,driver,UA
99-they-0,The system should provide fields to driver and passenger where they#0will enter their credentials for login purpose.,they,10,driver and passenger,UA
99-they-0,The system should provide fields to driver and passenger where they#0will enter their credentials for login purpose.,they,10,passenger,UA
99-their-1,The system should provide fields to driver and passenger where they will enter their#1credentials for login purpose.,their,13,The system,UA
99-their-1,The system should provide fields to driver and passenger where they will enter their#1credentials for login purpose.,their,13,fields,UA
99-their-1,The system should provide fields to driver and passenger where they will enter their#1credentials for login purpose.,their,13,driver,UA
99-their-1,The system should provide fields to driver and passenger where they will enter their#1credentials for login purpose.,their,13,driver and passenger,UA
99-their-1,The system should provide fields to driver and passenger where they will enter their#1credentials for login purpose.,their,13,passenger,UA
100-their-0,The system should allow users to select route of their#0choice.,their,9,The system,UA
100-their-0,The system should allow users to select route of their#0choice.,their,9,users,UA
100-their-0,The system should allow users to select route of their#0choice.,their,9,route,UA
101-they-0,The system checks passenger location and location of bus. If they#0both are same the system should automatically change navigation from bus to university.,they,11,The system,A
101-they-0,The system checks passenger location and location of bus. If they#0both are same the system should automatically change navigation from bus to university.,they,11,passenger location,A
101-they-0,The system checks passenger location and location of bus. If they#0both are same the system should automatically change navigation from bus to university.,they,11,passenger location and location,A
101-they-0,The system checks passenger location and location of bus. If they#0both are same the system should automatically change navigation from bus to university.,they,11,location,A
101-they-0,The system checks passenger location and location of bus. If they#0both are same the system should automatically change navigation from bus to university.,they,11,bus,A
102-its-0,The system should stop navigation when the bus reaches its#0destination.,its,9,The system,UA
102-its-0,The system should stop navigation when the bus reaches its#0destination.,its,9,navigation,UA
102-its-0,The system should stop navigation when the bus reaches its#0destination.,its,9,the bus,UA
103-their-0,The system should ask passenger to rate their#0trip.,their,7,The system,A
103-their-0,The system should ask passenger to rate their#0trip.,their,7,passenger,A
104-his-0,The system should allow driver to configure route before starting his#0journey.,his,10,The system,UA
104-his-0,The system should allow driver to configure route before starting his#0journey.,his,10,driver,UA
104-his-0,The system should allow driver to configure route before starting his#0journey.,his,10,route,UA
105-they-0,The system should display all routes to drivers and passengers so that they#0can select one of them.,they,12,The system,A
105-they-0,The system should display all routes to drivers and passengers so that they#0can select one of them.,they,12,all routes,A
105-they-0,The system should display all routes to drivers and passengers so that they#0can select one of them.,they,12,drivers,A
105-they-0,The system should display all routes to drivers and passengers so that they#0can select one of them.,they,12,drivers and passengers,A
105-they-0,The system should display all routes to drivers and passengers so that they#0can select one of them.,they,12,passengers,A
105-them-1,The system should display all routes to drivers and passengers so that they can select one of them#1.,them,17,The system,A
105-them-1,The system should display all routes to drivers and passengers so that they can select one of them#1.,them,17,all routes,A
105-them-1,The system should display all routes to drivers and passengers so that they can select one of them#1.,them,17,drivers,A
105-them-1,The system should display all routes to drivers and passengers so that they can select one of them#1.,them,17,drivers and passengers,A
105-them-1,The system should display all routes to drivers and passengers so that they can select one of them#1.,them,17,passengers,A
106-their-0,The system should allow drivers and passengers to view their#0last 30 trips.,their,9,The system,UA
106-their-0,The system should allow drivers and passengers to view their#0last 30 trips.,their,9,drivers,UA
106-their-0,The system should allow drivers and passengers to view their#0last 30 trips.,their,9,drivers and passengers,UA
106-their-0,The system should allow drivers and passengers to view their#0last 30 trips.,their,9,passengers,UA
107-their-0,The system should allow driver and passengers to edit and update their#0profiles.,their,11,The system,UA
107-their-0,The system should allow driver and passengers to edit and update their#0profiles.,their,11,driver,UA
107-their-0,The system should allow driver and passengers to edit and update their#0profiles.,their,11,driver and passengers,UA
107-their-0,The system should allow driver and passengers to edit and update their#0profiles.,their,11,passengers,UA
108-their-0,The system should not allow drivers and passenger to update their#0name and ID.,their,10,The system,UA
108-their-0,The system should not allow drivers and passenger to update their#0name and ID.,their,10,drivers,UA
108-their-0,The system should not allow drivers and passenger to update their#0name and ID.,their,10,drivers and passenger,UA
108-their-0,The system should not allow drivers and passenger to update their#0name and ID.,their,10,passenger,UA
109-his-0,User will be able to delete a website's activity and add his#0new websites whose activity he wants to check.,his,12,User,A
109-his-0,User will be able to delete a website's activity and add his#0new websites whose activity he wants to check.,his,12,a website's activity,A
109-he-1,User will be able to delete a website's activity and add his new websites whose activity he#1wants to check.,he,17,User,A
109-he-1,User will be able to delete a website's activity and add his new websites whose activity he#1wants to check.,he,17,a website's activity,A
109-he-1,User will be able to delete a website's activity and add his new websites whose activity he#1wants to check.,he,17,his new websites,A
109-he-1,User will be able to delete a website's activity and add his new websites whose activity he#1wants to check.,he,17,whose activity,A
110-their-0,Database will keep the records of the users and their#0current work like their website etc.,their,9,Database,UA
110-their-0,Database will keep the records of the users and their#0current work like their website etc.,their,9,the records,UA
110-their-0,Database will keep the records of the users and their#0current work like their website etc.,their,9,the users,UA
110-their-0,Database will keep the records of the users and their#0current work like their website etc.,their,9,the users and their current work,UA
110-their-1,Database will keep the records of the users and their current work like their#1website etc.,their,13,Database,UA
110-their-1,Database will keep the records of the users and their current work like their#1website etc.,their,13,the records,UA
110-their-1,Database will keep the records of the users and their current work like their#1website etc.,their,13,the users,UA
110-their-1,Database will keep the records of the users and their current work like their#1website etc.,their,13,the users and their current work,UA
110-their-1,Database will keep the records of the users and their current work like their#1website etc.,their,13,their current work,UA
111-his-0,"If a user wants to search something about his#0/her website, he or she can do it by simply retrieving data from database. ",his,8,a user,UA
111-her-1,"If a user wants to search something about his/her#1website, he or she can do it by simply retrieving data from database. ",her,10,a user,UA
111-he-2,"If a user wants to search something about his/her website, he#2or she can do it by simply retrieving data from database. ",he,13,a user,UA
111-he-2,"If a user wants to search something about his/her website, he#2or she can do it by simply retrieving data from database. ",he,13,his/her website,UA
111-she-3,"If a user wants to search something about his/her website, he or she#3can do it by simply retrieving data from database. ",she,15,a user,UA
111-she-3,"If a user wants to search something about his/her website, he or she#3can do it by simply retrieving data from database. ",she,15,his/her website,UA
111-it-4,"If a user wants to search something about his/her website, he or she can do it#4by simply retrieving data from database. ",it,18,a user,UA
111-it-4,"If a user wants to search something about his/her website, he or she can do it#4by simply retrieving data from database. ",it,18,his/her website,UA
112-them-0,The system must provide opportunity to create an account through Sign up button which will redirect them#0to the sign up panel.,them,16,The system,UA
112-them-0,The system must provide opportunity to create an account through Sign up button which will redirect them#0to the sign up panel.,them,16,opportunity,UA
112-them-0,The system must provide opportunity to create an account through Sign up button which will redirect them#0to the sign up panel.,them,16,an account,UA
112-them-0,The system must provide opportunity to create an account through Sign up button which will redirect them#0to the sign up panel.,them,16,Sign up button,UA
113-her-0,The user must be allowed update his/ her#0password using the password recovery option,her,7,The user,UA
113-her-0,The user must be allowed update his/ her#0password using the password recovery option,her,7,update,UA
114-his-0,The user can pre Look his#0profile details and credentials through Look profile,his,5,The user,UA
115-he-0,A Category from drop down menu if he#0wants to see the news of only specific category (i.e. sports).,he,7,A Category,A
115-he-0,A Category from drop down menu if he#0wants to see the news of only specific category (i.e. sports).,he,7,drop down menu,A
116-it-0,The User shall add the location of the news where it#0occurred,it,10,The User,A
116-it-0,The User shall add the location of the news where it#0occurred,it,10,the location,A
116-it-0,The User shall add the location of the news where it#0occurred,it,10,the news,A
117-he-0,The User shall add the related pictures or videos of the news which he#0wants to upload. ,he,13,The User,UA
117-he-0,The User shall add the related pictures or videos of the news which he#0wants to upload. ,he,13,the related pictures,UA
117-he-0,The User shall add the related pictures or videos of the news which he#0wants to upload. ,he,13,the related pictures or videos,UA
117-he-0,The User shall add the related pictures or videos of the news which he#0wants to upload. ,he,13,videos,UA
117-he-0,The User shall add the related pictures or videos of the news which he#0wants to upload. ,he,13,the news,UA
118-their-0,The feature allows the user and the administrator to log out of the system from their#0own account.,their,15,The feature,UA
118-their-0,The feature allows the user and the administrator to log out of the system from their#0own account.,their,15,the user,UA
118-their-0,The feature allows the user and the administrator to log out of the system from their#0own account.,their,15,the user and the administrator,UA
118-their-0,The feature allows the user and the administrator to log out of the system from their#0own account.,their,15,the administrator,UA
118-their-0,The feature allows the user and the administrator to log out of the system from their#0own account.,their,15,the system,UA
119-its-0,The system shall allow the Admin and the end-user to view its#0Gallery.,its,13,The system,A
119-its-0,The system shall allow the Admin and the end-user to view its#0Gallery.,its,13,the Admin,A
119-its-0,The system shall allow the Admin and the end-user to view its#0Gallery.,its,13,the Admin and the end-user,A
119-its-0,The system shall allow the Admin and the end-user to view its#0Gallery.,its,13,the end-user,A
120-its-0,The system shall allow the Admin and the end-user to view its#0History.,its,13,The system,A
120-its-0,The system shall allow the Admin and the end-user to view its#0History.,its,13,the Admin,A
120-its-0,The system shall allow the Admin and the end-user to view its#0History.,its,13,the Admin and the end-user,A
120-its-0,The system shall allow the Admin and the end-user to view its#0History.,its,13,the end-user,A
121-its-0,"The system shall allow end-user to view and make changes in its#0profile such as Name, Password.",its,13,The system,A
121-its-0,"The system shall allow end-user to view and make changes in its#0profile such as Name, Password.",its,13,end-user,A
121-its-0,"The system shall allow end-user to view and make changes in its#0profile such as Name, Password.",its,13,changes,A
122-their-0,The system shall allow the admin to change their#0login credentials,their,8,The system,UA
122-their-0,The system shall allow the admin to change their#0login credentials,their,8,the admin,UA
123-it-0,"The application will take the picture through the camera app on the user? android phone or through the gallery, then it#0will predict its AQL.",it,22,The application,UA
123-it-0,"The application will take the picture through the camera app on the user? android phone or through the gallery, then it#0will predict its AQL.",it,22,the picture,UA
123-it-0,"The application will take the picture through the camera app on the user? android phone or through the gallery, then it#0will predict its AQL.",it,22,the camera app,UA
123-it-0,"The application will take the picture through the camera app on the user? android phone or through the gallery, then it#0will predict its AQL.",it,22,the user,UA
123-it-0,"The application will take the picture through the camera app on the user? android phone or through the gallery, then it#0will predict its AQL.",it,22,the gallery,UA
123-its-1,"The application will take the picture through the camera app on the user? android phone or through the gallery, then it will predict its#1AQL.",its,25,The application,UA
123-its-1,"The application will take the picture through the camera app on the user? android phone or through the gallery, then it will predict its#1AQL.",its,25,the picture,UA
123-its-1,"The application will take the picture through the camera app on the user? android phone or through the gallery, then it will predict its#1AQL.",its,25,the camera app,UA
123-its-1,"The application will take the picture through the camera app on the user? android phone or through the gallery, then it will predict its#1AQL.",its,25,the user,UA
123-its-1,"The application will take the picture through the camera app on the user? android phone or through the gallery, then it will predict its#1AQL.",its,25,the gallery,UA
124-their-0,Voters will be provide their#0tazkira number in order to be recognized on the day of election.,their,4,Voters,UA
125-their-0,User will login by their#0name (user name) and password.,their,4,User,UA
126-his-0,This user shall be able to make changes to his#0device according to his desire by using this option,his,9,This user,A
126-his-0,This user shall be able to make changes to his#0device according to his desire by using this option,his,9,changes,A
126-his-1,This user shall be able to make changes to his device according to his#1desire by using this option,his,13,This user,A
126-his-1,This user shall be able to make changes to his device according to his#1desire by using this option,his,13,changes,A
126-his-1,This user shall be able to make changes to his device according to his#1desire by using this option,his,13,his device,A
134-they-0,The system shall take the user and registered users to the subjected screen when they#0select a notification.,they,14,The system,UA
134-they-0,The system shall take the user and registered users to the subjected screen when they#0select a notification.,they,14,the user,UA
134-they-0,The system shall take the user and registered users to the subjected screen when they#0select a notification.,they,14,the user and registered users,UA
134-they-0,The system shall take the user and registered users to the subjected screen when they#0select a notification.,they,14,registered users,UA
134-they-0,The system shall take the user and registered users to the subjected screen when they#0select a notification.,they,14,the subjected screen,UA
135-themselves-0,The system shall ask user to first register themselves#0in the system in order to login.,themselves,8,The system,UA
135-themselves-0,The system shall ask user to first register themselves#0in the system in order to login.,themselves,8,user,UA
136-their-0,"The system shall allow users to edit their#0profile information i.e. name, email, phone and reset password.",their,7,The system,UA
136-their-0,"The system shall allow users to edit their#0profile information i.e. name, email, phone and reset password.",their,7,users,UA
137-it-0,The system shall allow the PIR sensor to send a single to GPIO pin when it#0detects infrared radiations indication motion.,it,15,The system,A
137-it-0,The system shall allow the PIR sensor to send a single to GPIO pin when it#0detects infrared radiations indication motion.,it,15,the PIR sensor,A
137-it-0,The system shall allow the PIR sensor to send a single to GPIO pin when it#0detects infrared radiations indication motion.,it,15,GPIO pin,A
138-it-0,The system shall not accept the password if it#0is not entered within 30 seconds.,it,8,The system,A
138-it-0,The system shall not accept the password if it#0is not entered within 30 seconds.,it,8,the password,A
139-their-0,The Mobile App shall enable the user to enter their#0email and password or phone number to login.,their,9,The Mobile App,UA
139-their-0,The Mobile App shall enable the user to enter their#0email and password or phone number to login.,their,9,the user,UA
140-their-0,"The Mobile App shall display annotated trash items, with their#0names and categories.",their,10,The Mobile App,A
140-their-0,"The Mobile App shall display annotated trash items, with their#0names and categories.",their,10,trash items,A
141-it-0,If the alert option is selected then it#0will alert the organizations that deal with those category of items.,it,7,the alert option,A
142-its-0,By selecting an item the Mobile App will show further guidelines on its#0disposal method.,its,12,an item,UA
142-its-0,By selecting an item the Mobile App will show further guidelines on its#0disposal method.,its,12,the Mobile App,UA
142-its-0,By selecting an item the Mobile App will show further guidelines on its#0disposal method.,its,12,further guidelines,UA
143-they-0,The Mobile App shall then allow user to select out disposable items they#0have dealt with.,they,12,The Mobile App,UA
143-they-0,The Mobile App shall then allow user to select out disposable items they#0have dealt with.,they,12,user,UA
143-they-0,The Mobile App shall then allow user to select out disposable items they#0have dealt with.,they,12,disposable items,UA
144-their-0,"The Mobile App shall display user reports such as disposed items over the time, type of items disposed, their#0frequency, organizations that disposed the items.",their,20,The Mobile App,A
144-their-0,"The Mobile App shall display user reports such as disposed items over the time, type of items disposed, their#0frequency, organizations that disposed the items.",their,20,user reports,A
144-their-0,"The Mobile App shall display user reports such as disposed items over the time, type of items disposed, their#0frequency, organizations that disposed the items.",their,20,disposed items,A
144-their-0,"The Mobile App shall display user reports such as disposed items over the time, type of items disposed, their#0frequency, organizations that disposed the items.",their,20,the time,A
144-their-0,"The Mobile App shall display user reports such as disposed items over the time, type of items disposed, their#0frequency, organizations that disposed the items.",their,20,type,A
144-their-0,"The Mobile App shall display user reports such as disposed items over the time, type of items disposed, their#0frequency, organizations that disposed the items.",their,20,items,A
145-its-0,The organization will be displayed a success dialog and moved to its#0dashboard.,its,11,The organization,A
145-its-0,The organization will be displayed a success dialog and moved to its#0dashboard.,its,11,a success dialog,A
146-their-0,The website shall allow the user to edit their#0account information.,their,8,The website,UA
146-their-0,The website shall allow the user to edit their#0account information.,their,8,the user,UA
147-it-0,The Admin shall select an approval request from a list of requests and approve the account or disapprove it#0,it,18,The Admin,A
147-it-0,The Admin shall select an approval request from a list of requests and approve the account or disapprove it#0,it,18,an approval request,A
147-it-0,The Admin shall select an approval request from a list of requests and approve the account or disapprove it#0,it,18,a list,A
147-it-0,The Admin shall select an approval request from a list of requests and approve the account or disapprove it#0,it,18,requests,A
147-it-0,The Admin shall select an approval request from a list of requests and approve the account or disapprove it#0,it,18,the account,A
148-their-0,Login page for tenants to manage their#0apps,their,6,page,A
148-their-0,Login page for tenants to manage their#0apps,their,6,tenants,A
149-their-0,"Tenants can add their#0personal (name, email, dob) information",their,3,Tenants,UA
153-their-0,Tenants can change their#0default credentials of subscribed app,their,3,Tenants,UA
154-they-0,A help page must be shown to the tenant for solving any difficulties they#0might encounter.,they,13,A help page,UA
154-they-0,A help page must be shown to the tenant for solving any difficulties they#0might encounter.,they,13,the tenant,UA
154-they-0,A help page must be shown to the tenant for solving any difficulties they#0might encounter.,they,13,any difficulties,UA
155-their-0,The developers should follow the guidelines that would be provided to create their#0database models/tables.,their,12,The developers,A
155-their-0,The developers should follow the guidelines that would be provided to create their#0database models/tables.,their,12,the guidelines,A
156-their-0,A list of customers will be maintained with their#0information,their,8,A list,UA
156-their-0,A list of customers will be maintained with their#0information,their,8,customers,UA
157-their-0,A list of all the orders will be maintained with their#0delivery status,their,10,A list,UA
157-their-0,A list of all the orders will be maintained with their#0delivery status,their,10,all the orders,UA
158-it-0,The system shall provide search bar to write any form of comment in it#0,it,13,The system,UA
158-it-0,The system shall provide search bar to write any form of comment in it#0,it,13,search bar,UA
158-it-0,The system shall provide search bar to write any form of comment in it#0,it,13,any form,UA
158-it-0,The system shall provide search bar to write any form of comment in it#0,it,13,comment,UA
